

-- password is 'pass'
INSERT INTO tss_user VALUES
  (DEFAULT, 'Pass', 'pass', '$2a$10$xmN7pxqh6RzT3Lv25Epj9e1tZp0r997ZBImK7UWGWzrCPXC9PJFpq');
INSERT INTO tss_user VALUES
  (DEFAULT, 'Adam', 'adam.sandler@gmail.com', '$2a$10$xmN7pxqh6RzT3Lv25Epj9e1tZp0r997ZBImK7UWGWzrCPXC9PJFpq');
INSERT INTO tss_user VALUES
  (DEFAULT, 'Mike', 'mike.cole@gmail.com', '$2a$10$xmN7pxqh6RzT3Lv25Epj9e1tZp0r997ZBImK7UWGWzrCPXC9PJFpq');
INSERT INTO tss_user VALUES
  (DEFAULT, 'Sara', 'sara.smith@gmail.com', '$2a$10$xmN7pxqh6RzT3Lv25Epj9e1tZp0r997ZBImK7UWGWzrCPXC9PJFpq');
INSERT INTO tss_user VALUES
  (DEFAULT, 'Vade', 'vade.gordon@gmail.com', '$2a$10$xmN7pxqh6RzT3Lv25Epj9e1tZp0r997ZBImK7UWGWzrCPXC9PJFpq');
INSERT INTO tss_user VALUES
  (DEFAULT, 'Adam', 'adam1.sandler@gmail.com', '$2a$10$xmN7pxqh6RzT3Lv25Epj9e1tZp0r997ZBImK7UWGWzrCPXC9PJFpq');
INSERT INTO tss_user VALUES
  (DEFAULT, 'Joey', 'joey.vdome@net.com', '$2a$10$xmN7pxqh6RzT3Lv25Epj9e1tZp0r997ZBImK7UWGWzrCPXC9PJFpq');
INSERT INTO tss_user VALUES
  (DEFAULT, 'Samantha', 's.smith@gmail.com', '$2a$10$xmN7pxqh6RzT3Lv25Epj9e1tZp0r997ZBImK7UWGWzrCPXC9PJFpq');
INSERT INTO tss_user VALUES
  (DEFAULT, 'Trevor', 'trevor.rovert@gmail.com', '$2a$10$xmN7pxqh6RzT3Lv25Epj9e1tZp0r997ZBImK7UWGWzrCPXC9PJFpq');
INSERT INTO tss_user VALUES
  (DEFAULT, 'Monica', 'monica.harmonica@gmail.com', '$2a$10$xmN7pxqh6RzT3Lv25Epj9e1tZp0r997ZBImK7UWGWzrCPXC9PJFpq');
INSERT INTO tss_user VALUES
  (DEFAULT, 'Izya', 'iz@ya.com', '$2a$10$xmN7pxqh6RzT3Lv25Epj9e1tZp0r997ZBImK7UWGWzrCPXC9PJFpq');
INSERT INTO tss_user VALUES
  (DEFAULT, 'Abbey', 'abbey@gmail.com', '$2a$10$xmN7pxqh6RzT3Lv25Epj9e1tZp0r997ZBImK7UWGWzrCPXC9PJFpq');
INSERT INTO tss_user VALUES
  (DEFAULT, 'Abigail', 'abigail@gmail.com', '$2a$10$xmN7pxqh6RzT3Lv25Epj9e1tZp0r997ZBImK7UWGWzrCPXC9PJFpq');
INSERT INTO tss_user VALUES
  (DEFAULT, 'Abram', 'abram@gmail.com', '$2a$10$xmN7pxqh6RzT3Lv25Epj9e1tZp0r997ZBImK7UWGWzrCPXC9PJFpq');
INSERT INTO tss_user VALUES
  (DEFAULT, 'Octavio', 'octavio@gmail.com', '$2a$10$xmN7pxqh6RzT3Lv25Epj9e1tZp0r997ZBImK7UWGWzrCPXC9PJFpq');
INSERT INTO tss_user VALUES
  (DEFAULT, 'Talon', 'talon@gmail.com', '$2a$10$xmN7pxqh6RzT3Lv25Epj9e1tZp0r997ZBImK7UWGWzrCPXC9PJFpq');
INSERT INTO tss_user VALUES
  (DEFAULT, 'Tania', 'tania@gmail.com', '$2a$10$xmN7pxqh6RzT3Lv25Epj9e1tZp0r997ZBImK7UWGWzrCPXC9PJFpq');
INSERT INTO tss_user VALUES
  (DEFAULT, 'Tarik', 'tarik@gmail.com', '$2a$10$xmN7pxqh6RzT3Lv25Epj9e1tZp0r997ZBImK7UWGWzrCPXC9PJFpq');
INSERT INTO tss_user VALUES
  (DEFAULT, 'Kai', 'kai@gmail.com', '$2a$10$xmN7pxqh6RzT3Lv25Epj9e1tZp0r997ZBImK7UWGWzrCPXC9PJFpq');
INSERT INTO tss_user VALUES
  (DEFAULT, 'Kelly', 'kelly@gmail.com', '$2a$10$xmN7pxqh6RzT3Lv25Epj9e1tZp0r997ZBImK7UWGWzrCPXC9PJFpq');
INSERT INTO tss_user VALUES
  (DEFAULT, 'Kenny', 'kenny@gmail.com', '$2a$10$xmN7pxqh6RzT3Lv25Epj9e1tZp0r997ZBImK7UWGWzrCPXC9PJFpq');
INSERT INTO tss_user VALUES
  (DEFAULT, 'Kent', 'kent@gmail.com', '$2a$10$xmN7pxqh6RzT3Lv25Epj9e1tZp0r997ZBImK7UWGWzrCPXC9PJFpq');
INSERT INTO tss_user VALUES
  (DEFAULT, 'Sal', 'sal@gmail.com', '$2a$10$xmN7pxqh6RzT3Lv25Epj9e1tZp0r997ZBImK7UWGWzrCPXC9PJFpq');
INSERT INTO tss_user VALUES
  (DEFAULT, 'Sally', 'sally@gmail.com', '$2a$10$xmN7pxqh6RzT3Lv25Epj9e1tZp0r997ZBImK7UWGWzrCPXC9PJFpq');
INSERT INTO tss_user VALUES
  (DEFAULT, 'Samir', 'samir@gmail.com', '$2a$10$xmN7pxqh6RzT3Lv25Epj9e1tZp0r997ZBImK7UWGWzrCPXC9PJFpq');
INSERT INTO tss_user VALUES
  (DEFAULT, 'Lisa', 'lisa@gmail.com', '$2a$10$xmN7pxqh6RzT3Lv25Epj9e1tZp0r997ZBImK7UWGWzrCPXC9PJFpq');
INSERT INTO tss_user VALUES
  (DEFAULT, 'Bart', 'bart@gmail.com', '$2a$10$xmN7pxqh6RzT3Lv25Epj9e1tZp0r997ZBImK7UWGWzrCPXC9PJFpq');
INSERT INTO tss_user VALUES
  (DEFAULT, 'Homer', 'homer@gmail.com', '$2a$10$xmN7pxqh6RzT3Lv25Epj9e1tZp0r997ZBImK7UWGWzrCPXC9PJFpq');
INSERT INTO tss_user VALUES
  (DEFAULT, 'March', 'march@gmail.com', '$2a$10$xmN7pxqh6RzT3Lv25Epj9e1tZp0r997ZBImK7UWGWzrCPXC9PJFpq');


INSERT INTO tss_group VALUES
  (DEFAULT , 'readonly');
INSERT INTO tss_group VALUES
  (DEFAULT , 'managers');
INSERT INTO tss_group VALUES
  (DEFAULT , 'black_list');


INSERT INTO tss_role (id, rolename) VALUES (1, 'ADMIN');
INSERT INTO tss_role (id, rolename) VALUES (2, 'DRIVER');
INSERT INTO tss_role (id, rolename) VALUES (3, 'CUSTOMER');
INSERT INTO tss_role (id, rolename) VALUES (4, 'BANNED');
INSERT INTO tss_role (id, rolename) VALUES (5, 'READ_ONLY');
INSERT INTO tss_role (id, rolename) VALUES (6, 'PRIVILEGED');
INSERT INTO tss_role (id, rolename) VALUES (7, 'MAJOR_ADMIN');
INSERT INTO tss_role (id, rolename) VALUES (8, 'REGULAR_CUSTOMER');
INSERT INTO tss_role (id, rolename) VALUES (9, 'RELIABLE_DRIVER');


INSERT INTO car VALUES
  (DEFAULT, 'AAA-333-BBB', 4, FALSE, FALSE, TRUE, TRUE);
INSERT INTO car VALUES
  (DEFAULT, 'DDD-555-CCC', 3, FALSE, TRUE, TRUE, FALSE);
INSERT INTO car VALUES
  (DEFAULT, 'EEE-777-FFF', 2, TRUE, FALSE, FALSE, FALSE);
  INSERT INTO car VALUES
  (DEFAULT, 'ADA-343-BAB', 1, FALSE, FALSE, TRUE, TRUE);
INSERT INTO car VALUES
  (DEFAULT, 'DQD-565-CCE', 2, FALSE, TRUE, TRUE, FALSE);
INSERT INTO car VALUES
  (DEFAULT, 'ELE-777-FLF', 1, TRUE, FALSE, FALSE, FALSE);
  INSERT INTO car VALUES
  (DEFAULT, 'QWE-123-RTY', 4, FALSE, FALSE, TRUE, TRUE);
INSERT INTO car VALUES
  (DEFAULT, 'MMR-000-BIN', 3, FALSE, TRUE, TRUE, FALSE);
INSERT INTO car VALUES
  (DEFAULT, 'AEE-387-FFF', 2, TRUE, FALSE, FALSE, TRUE);
INSERT INTO car VALUES
  (DEFAULT, 'ELU-778-FLF', 1, TRUE, FALSE, FALSE, FALSE);
  INSERT INTO car VALUES
  (DEFAULT, 'QWE-129-RTY', 4, FALSE, FALSE, TRUE, TRUE);
INSERT INTO car VALUES
  (DEFAULT, 'IOD-770-STD', 3, FALSE, TRUE, TRUE, FALSE);
INSERT INTO car VALUES
  (DEFAULT, 'EGE-737-FII', 2, TRUE, FALSE, FALSE, FALSE);

INSERT INTO driver VALUES
  (8, 1, TRUE, TRUE, FALSE);
INSERT INTO driver VALUES
  (12, 0, FALSE, TRUE, FALSE);
INSERT INTO driver VALUES
  (13, 2, TRUE, TRUE, FALSE);
INSERT INTO driver VALUES
  (14, 1, TRUE, TRUE, FALSE);
INSERT INTO driver VALUES
  (15, 0, FALSE, TRUE, FALSE);
INSERT INTO driver VALUES
  (16, 2, TRUE, TRUE, FALSE);
INSERT INTO driver VALUES
  (17, 2, TRUE, TRUE, FALSE);
INSERT INTO driver VALUES
  (18, 1, TRUE, TRUE, FALSE);
INSERT INTO driver VALUES
  (19, 1, TRUE, FALSE, FALSE);
INSERT INTO driver VALUES
  (20, 0, FALSE, FALSE, FALSE);
INSERT INTO driver VALUES
  (21, 2, TRUE, TRUE, TRUE);
INSERT INTO driver VALUES
  (22, 2, TRUE, TRUE, FALSE);
INSERT INTO driver VALUES
  (23, 1, TRUE, TRUE, FALSE);
INSERT INTO driver VALUES
  (24, 1, TRUE, FALSE, FALSE);
INSERT INTO driver VALUES
  (25, 0, FALSE, FALSE, FALSE);
INSERT INTO driver VALUES
  (26, 2, TRUE, TRUE, TRUE);
INSERT INTO driver VALUES
  (27, 1, TRUE, TRUE, FALSE);
INSERT INTO driver VALUES
  (28, 0, FALSE, TRUE, FALSE);
INSERT INTO driver VALUES
  (29, 2, TRUE, TRUE, FALSE);


-- INSERT INTO driver_car VALUES
--   (8, 1, '2015-04-28 18:40:29.008+03', NULL , 1);


INSERT INTO tss_user_group VALUES
  (1, 2);
INSERT INTO tss_user_group VALUES
  (3, 2);
INSERT INTO tss_user_group VALUES
  (2, 1);
INSERT INTO tss_user_group VALUES
  (4, 3);
INSERT INTO tss_user_group VALUES
  (2, 3);
INSERT INTO tss_user_group VALUES
  (10, 3);

INSERT INTO tss_user_role VALUES
  (2, 1);
INSERT INTO tss_user_role VALUES
  (3, 1);
INSERT INTO tss_user_role VALUES
  (4, 3);
INSERT INTO tss_user_role VALUES
  (2, 3);
INSERT INTO tss_user_role VALUES
  (1, 1);
INSERT INTO tss_user_role VALUES
  (5, 1);
INSERT INTO tss_user_role VALUES
  (6, 3);
INSERT INTO tss_user_role VALUES
  (7, 3);
INSERT INTO tss_user_role VALUES
  (8, 2);
INSERT INTO tss_user_role VALUES
  (10, 4);
INSERT INTO tss_user_role VALUES
  (10, 1);
INSERT INTO tss_user_role VALUES
  (11, 4);
INSERT INTO tss_user_role VALUES
  (12, 2);
INSERT INTO tss_user_role VALUES
  (13, 2);
INSERT INTO tss_user_role VALUES
  (14, 2);
INSERT INTO tss_user_role VALUES
  (15, 2);
INSERT INTO tss_user_role VALUES
  (16, 2);
INSERT INTO tss_user_role VALUES
  (17, 2);
INSERT INTO tss_user_role VALUES
  (18, 2);
INSERT INTO tss_user_role VALUES
  (19, 2);
INSERT INTO tss_user_role VALUES
  (20, 2);
INSERT INTO tss_user_role VALUES
  (21, 2);
INSERT INTO tss_user_role VALUES
  (22, 2);
INSERT INTO tss_user_role VALUES
  (23, 2);
INSERT INTO tss_user_role VALUES
  (24, 2);
INSERT INTO tss_user_role VALUES
  (25, 2);
INSERT INTO tss_user_role VALUES
  (26, 2);
INSERT INTO tss_user_role VALUES
  (27, 2);
INSERT INTO tss_user_role VALUES
  (28, 2);
INSERT INTO tss_user_role VALUES
  (29, 2);

INSERT INTO tss_group_role VALUES
  (1, 2);
INSERT INTO tss_group_role VALUES
  (2, 1);
INSERT INTO tss_group_role VALUES
  (3, 3);
INSERT INTO tss_group_role VALUES
  (4, 3);


INSERT INTO contacts 
	(username, email, user_id)
	VALUES
	('Pass', 'pass', 1);
INSERT INTO contacts 
	(username, email, user_id)
	VALUES
	('Adam', 'adam.sandler@gmail.com', 2);
INSERT INTO contacts 
	(username, email, user_id)
	VALUES
	('Mike', 'mike.cole@gmail.com', 3);
INSERT INTO contacts 
	(username, email, user_id)
	VALUES
	('Sara', 'sara.smith@gmail.com', 4);
INSERT INTO contacts 
	(username, email, user_id)
	VALUES
	('Vade', 'vade.gordon@gmail.com', 5);
INSERT INTO contacts 
	(username, email, user_id)
	VALUES
	('Adam', 'adam1.sandler@gmail.com', 6);
INSERT INTO contacts 
	(username, email, user_id)
	VALUES
	('Joey', 'joey.vdome@net.com', 7);
INSERT INTO contacts 
	(username, email, user_id)
	VALUES
	('Samantha', 's.smith@gmail.com', 8);
INSERT INTO contacts 
	(username, email, user_id)
	VALUES
	('Trevor', 'trevor.rovert@gmail.com', 9);
INSERT INTO contacts
	(username, email, user_id)
	VALUES
	('Monica', 'monica.harmonica@gmail.com', 10);

INSERT INTO tariff 
(tariff_name, plus_coef, multiple_coef) 
VALUES
('van', 20, 1.1);
INSERT INTO tariff 
(tariff_name, plus_coef, multiple_coef) 
VALUES
('cargo', 20, 1.5);
INSERT INTO tariff 
(tariff_name, plus_coef, multiple_coef) 
VALUES
('business', 30, 1.4);
INSERT INTO tariff 
(tariff_name, plus_coef, multiple_coef) 
VALUES
('economy', 0, 0.9);
INSERT INTO tariff 
(tariff_name, plus_coef, multiple_coef) 
VALUES
('van', 20, 1.1);
INSERT INTO tariff 
(tariff_name, plus_coef, multiple_coef) 
VALUES
('wi-fi', 10, 1.01);
INSERT INTO tariff 
(tariff_name, plus_coef, multiple_coef) 
VALUES
('conditioner', 10, 1.07);
INSERT INTO tariff 
(tariff_name, plus_coef, multiple_coef) 
VALUES
('no_smoked', 10, 1.01);
INSERT INTO tariff 
(tariff_name, plus_coef, multiple_coef) 
VALUES
('missed', 50, 1);
INSERT INTO tariff 
(tariff_name, plus_coef, multiple_coef) 
VALUES
('weekend', 10, 1.03);
INSERT INTO tariff 
(tariff_name, plus_coef, multiple_coef) 
VALUES
('night', 40, 1.07);
INSERT INTO tariff 
(tariff_name, plus_coef, multiple_coef) 
VALUES
('rush_hour', 10, 1.3);
INSERT INTO tariff 
(tariff_name, plus_coef, multiple_coef) 
VALUES
('celebration', 100, 1.3);
INSERT INTO tariff 
(tariff_name, plus_coef, multiple_coef) 
VALUES
('meet_guest', 100, 1.03);
INSERT INTO tariff 
(tariff_name, plus_coef, multiple_coef) 
VALUES
('convey', 0, 0.9);
INSERT INTO tariff 
(tariff_name, plus_coef, multiple_coef) 
VALUES
('sober', 0, 0.9);
INSERT INTO tariff
(tariff_name, plus_coef, multiple_coef)
VALUES
  ('animal', 20, 1.1);
INSERT INTO tariff
(tariff_name, plus_coef, multiple_coef)
VALUES
  ('per_km', 5, 1);
INSERT INTO tariff
(tariff_name, plus_coef, multiple_coef)
VALUES
  ('per_car', 100, 1.2);
INSERT INTO tariff
(tariff_name, plus_coef, multiple_coef)
VALUES
  ('per_hour', 20, 1.1);


INSERT INTO driver_car (id, driver_id, car_id, assign_time, unassign_time) VALUES (DEFAULT, 19, 1, null, null);
INSERT INTO driver_car (id, driver_id, car_id, assign_time, unassign_time) VALUES (DEFAULT, 12, 2, null, null);
INSERT INTO driver_car (id, driver_id, car_id, assign_time, unassign_time) VALUES (DEFAULT, 13, 3, null, null);
INSERT INTO driver_car (id, driver_id, car_id, assign_time, unassign_time) VALUES (DEFAULT, 14, 4, null, null);
INSERT INTO driver_car (id, driver_id, car_id, assign_time, unassign_time) VALUES (DEFAULT, 15, 6, null, null);
INSERT INTO driver_car (id, driver_id, car_id, assign_time, unassign_time) VALUES (DEFAULT, 16, 7, null, null);
INSERT INTO driver_car (id, driver_id, car_id, assign_time, unassign_time) VALUES (DEFAULT, 17, 8, null, null);
INSERT INTO driver_car (id, driver_id, car_id, assign_time, unassign_time) VALUES (DEFAULT, 18, 9, null, null);

INSERT INTO taxi_order (id, price, payment, booking_time, order_time, music_style, status, comment, male, smoke, driver_car_id, car_category, animal_transport, wifi, conditioner, contacts_id, route_id, service_option_id)
VALUES (DEFAULT, 784.62, 2, '2015-01-16 09:38:00', '2015-03-27 10:25:00', 2, 2, 'Read this.', false, true, 1, 4, false, true, false, 1, NULL, NULL);
INSERT INTO taxi_order (id, price, payment, booking_time, order_time, music_style, status, comment, male, smoke, driver_car_id, car_category, animal_transport, wifi, conditioner, contacts_id, route_id, service_option_id)
VALUES (DEFAULT, 3592.5999999999999, 3, '2015-03-03 01:55:00', '2015-03-20 07:43:00', 2, 3, NULL, false, false, 2, 4, false, false, false, 2, NULL, NULL);
INSERT INTO taxi_order (id, price, payment, booking_time, order_time, music_style, status, comment, male, smoke, driver_car_id, car_category, animal_transport, wifi, conditioner, contacts_id, route_id, service_option_id)
VALUES (DEFAULT, 931.73000000000002, 1, '2015-04-02 04:30:00', '2015-01-20 07:32:00', NULL, 5, 'This entry is not OK.', false, false, 2, 3, true, true, false, 3, NULL, NULL);
INSERT INTO taxi_order (id, price, payment, booking_time, order_time, music_style, status, comment, male, smoke, driver_car_id, car_category, animal_transport, wifi, conditioner, contacts_id, route_id, service_option_id)
VALUES (DEFAULT, 4980.0699999999997, 2, '2015-04-10 04:36:00', '2015-04-02 08:00:00', 2, 4, 'Note the new website.', true, false, 3, 1, true, false, false, 4, NULL, NULL);
INSERT INTO taxi_order (id, price, payment, booking_time, order_time, music_style, status, comment, male, smoke, driver_car_id, car_category, animal_transport, wifi, conditioner, contacts_id, route_id, service_option_id)
VALUES (DEFAULT, 42182.419999999998, 2, '2015-02-06 06:48:00', '2015-02-04 07:34:00', 2, 5, 'Expert mode turned off.', true, true, 3, 2, true, true, false, 5, NULL, NULL);
INSERT INTO taxi_order (id, price, payment, booking_time, order_time, music_style, status, comment, male, smoke, driver_car_id, car_category, animal_transport, wifi, conditioner, contacts_id, route_id, service_option_id)
VALUES (DEFAULT, 57.07, 3, '2015-04-25 06:32:00', '2015-05-02 01:05:00', 1, 1, 'Not sure if this is correct.', true, false, 4, 3, false, true, false, 6, NULL, NULL);
INSERT INTO taxi_order (id, price, payment, booking_time, order_time, music_style, status, comment, male, smoke, driver_car_id, car_category, animal_transport, wifi, conditioner, contacts_id, route_id, service_option_id)
VALUES (DEFAULT, 8.25, 1, '2015-01-09 04:05:00', '2015-04-25 07:24:00', 2, 4, NULL, true, true, 5, 1, true, true, false, 7, NULL, NULL);
INSERT INTO taxi_order (id, price, payment, booking_time, order_time, music_style, status, comment, male, smoke, driver_car_id, car_category, animal_transport, wifi, conditioner, contacts_id, route_id, service_option_id)
VALUES (DEFAULT, 79993.460000000006, 1, '2015-01-07 02:38:00', '2015-01-04 00:45:00', 3, 4, NULL, false, false, 6, 1, false, true, true, 8, NULL, NULL);
INSERT INTO taxi_order (id, price, payment, booking_time, order_time, music_style, status, comment, male, smoke, driver_car_id, car_category, animal_transport, wifi, conditioner, contacts_id, route_id, service_option_id)
VALUES (DEFAULT, 6.3899999999999997, 3, '2015-03-28 09:40:00', '2015-03-18 08:48:00', 2, 1, NULL, false, true, 3, 4, false, false, false, 9, NULL, NULL);
INSERT INTO taxi_order (id, price, payment, booking_time, order_time, music_style, status, comment, male, smoke, driver_car_id, car_category, animal_transport, wifi, conditioner, contacts_id, route_id, service_option_id)
VALUES (DEFAULT, 2862, 2, '2015-01-25 04:03:00', '2015-01-26 09:32:00', 2, 4, NULL, true, true, 3, 2, true, true, false, 10, NULL, NULL);
INSERT INTO taxi_order (id, price, payment, booking_time, order_time, music_style, status, comment, male, smoke, driver_car_id, car_category, animal_transport, wifi, conditioner, contacts_id, route_id, service_option_id)
VALUES (DEFAULT, 0.12, 1, '2015-01-03 01:19:00', '2015-01-11 01:27:00', 2, 3, 'No longer in use.', true, false, 1, 4, false, false, true, 1, NULL, NULL);
INSERT INTO taxi_order (id, price, payment, booking_time, order_time, music_style, status, comment, male, smoke, driver_car_id, car_category, animal_transport, wifi, conditioner, contacts_id, route_id, service_option_id)
VALUES (DEFAULT, 251.27000000000001, 1, '2015-03-14 10:13:00', '2015-04-12 03:21:00', 3, 3, 'Find more on the website.', false, false, 7, 4, false, true, true, 2, NULL, NULL);
INSERT INTO taxi_order (id, price, payment, booking_time, order_time, music_style, status, comment, male, smoke, driver_car_id, car_category, animal_transport, wifi, conditioner, contacts_id, route_id, service_option_id)
VALUES (DEFAULT, 36.439999999999998, 3, '2015-04-23 03:30:00', '2015-02-21 07:58:00', 3, 3, 'Expert mode turned on.', false, true, 8, 2, true, true, false, 3, NULL, NULL);
INSERT INTO taxi_order (id, price, payment, booking_time, order_time, music_style, status, comment, male, smoke, driver_car_id, car_category, animal_transport, wifi, conditioner, contacts_id, route_id, service_option_id)
VALUES (DEFAULT, 8988.8899999999994, 2, '2015-04-15 00:05:00', '2015-01-04 06:19:00', NULL, 5, 'Find more on the website.', false, true, 4, 4, true, false, true, 4, NULL, NULL);
INSERT INTO taxi_order (id, price, payment, booking_time, order_time, music_style, status, comment, male, smoke, driver_car_id, car_category, animal_transport, wifi, conditioner, contacts_id, route_id, service_option_id)
VALUES (DEFAULT, 869.37, 3, '2015-01-13 07:44:00', '2015-03-29 04:57:00', 2, 4, NULL, true, true, 4, 1, true, true, true, 5, NULL, NULL);
INSERT INTO taxi_order (id, price, payment, booking_time, order_time, music_style, status, comment, male, smoke, driver_car_id, car_category, animal_transport, wifi, conditioner, contacts_id, route_id, service_option_id)
VALUES (DEFAULT, 6148.3599999999997, 3, '2015-01-03 00:23:00', '2015-04-17 02:38:00', 2, 1, 'We must investigate this.', false, false, 4, 2, false, false, false, 6, NULL, NULL);
INSERT INTO taxi_order (id, price, payment, booking_time, order_time, music_style, status, comment, male, smoke, driver_car_id, car_category, animal_transport, wifi, conditioner, contacts_id, route_id, service_option_id)
VALUES (DEFAULT, 0.029999999999999999, 1, '2015-01-19 01:31:00', '2015-03-26 02:07:00', 3, 2, NULL, true, true, 8, 4, true, false, true, 7, NULL, NULL);
INSERT INTO taxi_order (id, price, payment, booking_time, order_time, music_style, status, comment, male, smoke, driver_car_id, car_category, animal_transport, wifi, conditioner, contacts_id, route_id, service_option_id)
VALUES (DEFAULT, 91705.679999999993, 3, '2015-01-15 07:11:00', '2015-03-20 10:19:00', 3, 1, NULL, true, false, 8, 4, false, true, false, 8, NULL, NULL);
INSERT INTO taxi_order (id, price, payment, booking_time, order_time, music_style, status, comment, male, smoke, driver_car_id, car_category, animal_transport, wifi, conditioner, contacts_id, route_id, service_option_id)
VALUES (DEFAULT, 6.2999999999999998, 3, '2015-01-11 09:50:00', '2015-04-15 05:06:00', 1, 1, 'Please note the new website.', false, false, 8, 2, true, true, false, 9, NULL, NULL);
INSERT INTO taxi_order (id, price, payment, booking_time, order_time, music_style, status, comment, male, smoke, driver_car_id, car_category, animal_transport, wifi, conditioner, contacts_id, route_id, service_option_id)
VALUES (DEFAULT, 9045.9799999999996, 1, '2015-03-18 05:30:00', '2015-03-08 06:41:00', 2, 1, 'Note', true, true, 5, 4, true, true, true, 9, NULL, NULL);
INSERT INTO taxi_order (id, price, payment, booking_time, order_time, music_style, status, comment, male, smoke, driver_car_id, car_category, animal_transport, wifi, conditioner, contacts_id, route_id, service_option_id)
VALUES (DEFAULT, 91.640000000000001, 3, '2015-01-28 07:53:00', '2015-04-18 01:42:00', NULL, 1, NULL, false, true, 5, 1, true, true, true, 8, NULL, NULL);
INSERT INTO taxi_order (id, price, payment, booking_time, order_time, music_style, status, comment, male, smoke, driver_car_id, car_category, animal_transport, wifi, conditioner, contacts_id, route_id, service_option_id)
VALUES (DEFAULT, 320.82999999999998, 1, '2015-04-14 08:24:00', '2015-02-03 07:00:00', 1, 2, 'Find more on the website.', true, true, 5, 4, true, false, true, 2, NULL, NULL);
INSERT INTO taxi_order (id, price, payment, booking_time, order_time, music_style, status, comment, male, smoke, driver_car_id, car_category, animal_transport, wifi, conditioner, contacts_id, route_id, service_option_id)
VALUES (DEFAULT, 7745.79, 2, '2015-02-12 03:25:00', '2015-03-02 02:31:00', 2, 1, 'Single mode turned off.', true, false, 6, 2, false, false, true, 3, NULL, NULL);
INSERT INTO taxi_order (id, price, payment, booking_time, order_time, music_style, status, comment, male, smoke, driver_car_id, car_category, animal_transport, wifi, conditioner, contacts_id, route_id, service_option_id)
VALUES (DEFAULT, 8.1899999999999995, 1, '2015-03-23 09:02:00', '2015-02-22 07:43:00', 3, 1, 'This entry is not OK.', true, true, 7, 1, false, false, true, 4, NULL, NULL);
INSERT INTO taxi_order (id, price, payment, booking_time, order_time, music_style, status, comment, male, smoke, driver_car_id, car_category, animal_transport, wifi, conditioner, contacts_id, route_id, service_option_id)
VALUES (DEFAULT, 3.6899999999999999, 2, '2015-03-22 09:17:00', '2015-03-06 01:24:00', 2, 4, NULL, true, false, 7, 1, false, false, false, 6, NULL, NULL);
INSERT INTO taxi_order (id, price, payment, booking_time, order_time, music_style, status, comment, male, smoke, driver_car_id, car_category, animal_transport, wifi, conditioner, contacts_id, route_id, service_option_id)
VALUES (DEFAULT, 818.23000000000002, 1, '2015-01-18 08:33:00', '2015-02-14 07:36:00', 2, 4, 'Test this.', false, true, 3, 4, true, false, false, 1, NULL, NULL);
INSERT INTO taxi_order (id, price, payment, booking_time, order_time, music_style, status, comment, male, smoke, driver_car_id, car_category, animal_transport, wifi, conditioner, contacts_id, route_id, service_option_id)
VALUES (DEFAULT, 3023.9899999999998, 3, '2015-04-06 09:30:00', '2015-03-08 06:09:00', 3, 1, 'Called 26 times.', true, false, 3, 3, false, false, false, 2, NULL, NULL);
INSERT INTO taxi_order (id, price, payment, booking_time, order_time, music_style, status, comment, male, smoke, driver_car_id, car_category, animal_transport, wifi, conditioner, contacts_id, route_id, service_option_id)
VALUES (DEFAULT, 90995.889999999999, 2, '2015-03-18 09:46:00', '2015-01-07 07:22:00', 2, 2, NULL, true, true, 3, 2, false, false, true, 6, NULL, NULL);
INSERT INTO taxi_order (id, price, payment, booking_time, order_time, music_style, status, comment, male, smoke, driver_car_id, car_category, animal_transport, wifi, conditioner, contacts_id, route_id, service_option_id)
VALUES (DEFAULT, 316.35000000000002, 1, '2015-02-25 02:09:00', '2015-02-03 03:28:00', 3, 2, 'Unable to contact.', false, true, 9, 1, false, false, false, 6, NULL, NULL);
INSERT INTO taxi_order (id, price, payment, booking_time, order_time, music_style, status, comment, male, smoke, driver_car_id, car_category, animal_transport, wifi, conditioner, contacts_id, route_id, service_option_id)
VALUES (DEFAULT, 3.3799999999999999, 2, '2015-04-24 01:06:00', '2015-04-12 06:22:00', 3, 3, 'Single mode turned on.', true, true, 8, 1, false, true, false, 2, NULL, NULL);
INSERT INTO taxi_order (id, price, payment, booking_time, order_time, music_style, status, comment, male, smoke, driver_car_id, car_category, animal_transport, wifi, conditioner, contacts_id, route_id, service_option_id)
VALUES (DEFAULT, 2069.75, 1, '2015-02-09 08:15:00', '2015-01-18 04:03:00', 2, 3, NULL, true, false, 1, 2, false, true, true, 2, NULL, NULL);
INSERT INTO taxi_order (id, price, payment, booking_time, order_time, music_style, status, comment, male, smoke, driver_car_id, car_category, animal_transport, wifi, conditioner, contacts_id, route_id, service_option_id)
VALUES (DEFAULT, 89.730000000000004, 2, '2015-01-19 04:11:00', '2015-04-06 02:11:00', 2, 4, 'Just a note.', false, false, 8, 1, true, false, true, 3, NULL, NULL);

INSERT INTO service(service_id, service_name, order_id) VALUES (DEFAULT, 'Convey corporation', 1);
INSERT INTO service(service_id, service_name, order_id) VALUES (DEFAULT, 'Celebration', 2);
INSERT INTO service(service_id, service_name, order_id) VALUES (DEFAULT, 'Meet my guest', 3);
INSERT INTO service(service_id, service_name, order_id) VALUES (DEFAULT, 'Convey corporation', 4);
INSERT INTO service(service_id, service_name, order_id) VALUES (DEFAULT, 'Celebration', 5);
INSERT INTO service(service_id, service_name, order_id) VALUES (DEFAULT, 'Meet my guest', 6);
INSERT INTO service(service_id, service_name, order_id) VALUES (DEFAULT, 'Convey corporation', 7);
INSERT INTO service(service_id, service_name, order_id) VALUES (DEFAULT, 'Celebration', 8);
INSERT INTO service(service_id, service_name, order_id) VALUES (DEFAULT, 'Meet my guest', 9);
INSERT INTO service(service_id, service_name, order_id) VALUES (DEFAULT, 'Convey corporation', 10);
INSERT INTO service(service_id, service_name, order_id) VALUES (DEFAULT, 'Celebration', 11);
INSERT INTO service(service_id, service_name, order_id) VALUES (DEFAULT, 'Meet my guest', 12);
INSERT INTO service(service_id, service_name, order_id) VALUES (DEFAULT, 'Celebration', 13);
INSERT INTO service(service_id, service_name, order_id) VALUES (DEFAULT, 'Meet my guest', 14);
INSERT INTO service(service_id, service_name, order_id) VALUES (DEFAULT, 'Celebration', 15);
INSERT INTO service(service_id, service_name, order_id) VALUES (DEFAULT, 'Meet my guest', 16);
INSERT INTO service(service_id, service_name, order_id) VALUES (DEFAULT, 'Celebration', 17);
INSERT INTO service(service_id, service_name, order_id) VALUES (DEFAULT, 'Meet my guest', 18);
INSERT INTO service(service_id, service_name, order_id) VALUES (DEFAULT, 'Meet my guest', 19);
INSERT INTO service(service_id, service_name, order_id) VALUES (DEFAULT, 'Meet my guest', 20);

---------------------------------------
-- REPORT SYSTEM ----------------------
---------------------------------------

INSERT INTO driver_category (id, name) VALUES (1, 'B');
INSERT INTO driver_category (id, name) VALUES (2, 'C');
INSERT INTO driver_category (id, name) VALUES (3, 'D');

INSERT INTO car_category (id, name) VALUES (1, 'Econom');
INSERT INTO car_category (id, name) VALUES (2, 'Van');
INSERT INTO car_category (id, name) VALUES (3, 'Business');
INSERT INTO car_category (id, name) VALUES (4, 'Cargo');


INSERT INTO report_info (id, name, description, select_query, count_query, countable, page_size, export_size) values
(DEFAULT,
'The most popular Car category',
'This report shows all popular Car category in Taxi Service System',
'SELECT cc.name AS "Category", count(txo.car_category) AS "Orders Amount" FROM taxi_order AS txo JOIN car_category AS cc ON txo.car_category = cc.id GROUP BY txo.car_category, cc.name ORDER BY count(txo.car_category) DESC;',
null, false, 0, 1000);
INSERT INTO report_info (id, name, description, select_query, count_query, countable, page_size, export_size) values
(DEFAULT,
'The most popular Driver category',
'This report shows all popular Driver category in Taxi Service System',
'SELECT dct.name AS "Category", count(d.category) AS "Orders Amount" FROM driver AS d JOIN driver_car AS dc	ON d.driver_id = dc.driver_id JOIN taxi_order AS o ON dc.id = o.driver_car_id JOIN driver_category AS dct ON dct.id = d.category GROUP BY d.category, dct.name ORDER BY count(d.category) DESC',
null, false, 0, 1000);
INSERT INTO report_info (id, name, description, select_query, count_query, countable, page_size, export_size) values
(DEFAULT,
'The most popular Car options',
'This report shows all popular Car options in Taxi Service System',
'SELECT * FROM (SELECT ''Animal Transport'' AS "Option Name", sum(animal_transport::int) AS "Orders with this option"	FROM taxi_order	UNION	SELECT ''WI-FI'' AS "Option Name", sum(wifi::int) AS "Orders with this option" FROM taxi_order	UNION	SELECT ''Conditioner'' AS "Option Name", sum(conditioner::int) AS "Orders with this option" FROM taxi_order) AS T ORDER BY "Orders with this option" DESC',
null, false, 0, 1000);
INSERT INTO report_info (id, name, description, select_query, count_query, countable, page_size, export_size) values
(DEFAULT,'The most popular Car options by User',
'This report shows all popular Car options for each User in Taxi Service System',
'SELECT t.email AS "User Email", t."Option Name", t."Orders with option"	FROM (SELECT c.email, ''Animal Transport'' AS "Option Name", sum(animal_transport::int) AS "Orders with option"	FROM taxi_order	JOIN contacts AS c ON c.id = contacts_id	GROUP BY c.email UNION	SELECT c.email, ''WI-FI'' AS "Option Name", sum(wifi::int) AS "Orders with option" FROM taxi_order	JOIN contacts AS c ON c.id = contacts_id	GROUP BY c.email UNION	SELECT c.email, ''Conditioner'' AS "Option Name", sum(conditioner::int) AS "Orders with option"	FROM taxi_order	JOIN contacts AS c ON c.id = contacts_id	GROUP BY c.email) AS t ORDER BY t.email, t."Orders with option" DESC LIMIT ? OFFSET ?',
'SELECT count(t."Option Name") FROM (SELECT c.email, ''Animal Transport'' AS "Option Name", sum(animal_transport::int) AS "Orders with option"	FROM taxi_order	JOIN contacts AS c ON c.id = contacts_id	GROUP BY c.email UNION	SELECT c.email, ''WI-FI'' AS "Option Name", sum(wifi::int) AS "Orders with option" FROM taxi_order	JOIN contacts AS c ON c.id = contacts_id	GROUP BY c.email UNION	SELECT c.email, ''Conditioner'' AS "Option Name", sum(conditioner::int) AS "Orders with option" FROM taxi_order	JOIN contacts AS c ON c.id = contacts_id	GROUP BY c.email) AS t',
true, 15, 1000);
INSERT INTO report_info (id, name, description, select_query, count_query, countable, page_size, export_size) values
(DEFAULT,'Service profitability by 7 days',
'This report shows profitability for each Service options by 7 days in Taxi Service System',
'select s.service_name as "Service Name", ceiling(sum(txo.price)) as "Total Service Profit", count(txo.id) as "Orders Amount" from taxi_order as txo join service as s	on s.order_id = txo.id where order_time >  CURRENT_DATE - INTERVAL ''7 day'' group by s.service_name order by count(txo.id) desc',
null, false, 0, 1000);
INSERT INTO report_info (id, name, description, select_query, count_query, countable, page_size, export_size) values
(DEFAULT,'Service profitability by last month',
'This report shows profitability for each Service options by last month in Taxi Service System',
'select s.service_name as "Service Name", ceiling(sum(txo.price)) as "Total Service Profit", count(txo.id) as "Orders Amount" from taxi_order as txo join service as s	on s.order_id = txo.id where order_time >  CURRENT_DATE - INTERVAL ''1 months'' group by s.service_name order by count(txo.id) desc',
null, false, 0, 1000);
INSERT INTO report_info (id, name, description, select_query, count_query, countable, page_size, export_size) values
(DEFAULT,'Service profitability by last 3 month',
'This report shows profitability for each Service options by last 3 month in Taxi Service System',
'select s.service_name as "Service Name", ceiling(sum(txo.price)) as "Total Service Profit", count(txo.id) as "Orders Amount" from taxi_order as txo join service as s	on s.order_id = txo.id where order_time >  CURRENT_DATE - INTERVAL ''3 months'' group by s.service_name order by count(txo.id) desc',
null, false, 0, 1000);
INSERT INTO report_info (id, name, description, select_query, count_query, countable, page_size, export_size) values
(DEFAULT,'Service profitability by last 6 month',
'This report shows profitability for each Service options by last 6 month in Taxi Service System',
'select s.service_name as "Service Name", ceiling(sum(txo.price)) as "Total Service Profit", count(txo.id) as "Orders Amount" from taxi_order as txo join service as s	on s.order_id = txo.id where order_time >  CURRENT_DATE - INTERVAL ''6 months'' group by s.service_name order by count(txo.id) desc',
null, false, 0, 1000);
INSERT INTO report_info (id, name, description, select_query, count_query, countable, page_size, export_size) values
(DEFAULT,'Service profitability by last 1 year',
'This report shows profitability for each Service options by last 1 year in Taxi Service System',
'select s.service_name as "Service Name", ceiling(sum(txo.price)) as "Total Service Profit", count(txo.id) as "Orders Amount" from taxi_order as txo join service as s	on s.order_id = txo.id where order_time >  CURRENT_DATE - INTERVAL ''1 year'' group by s.service_name order by count(txo.id) desc',
null, false, 0, 1000);
